team_id,games_played,total_points,ppg,total_opp_points,opp_ppg,wins,losses,win_pct,team_display_name,team_name,team_location,point_diff,total_players_used,total_team_minutes,starter_minutes,bench_minutes,bench_points,bench_players,bench_minutes_pct,bench_points_pct,best_ap_rank,is_ap_top25,roster_size,avg_height_inches,height_std,avg_year,min_year,max_year,transfer_count,guard_count,forward_count,center_count,conference,division,team_state,avg_height_ft,freshmen_count,upperclassmen_count,transfer_pct,exp_minutes_weighted,minutes_share_freshman,minutes_share_sophomore,minutes_share_junior,minutes_share_senior_plus,minutes_share_transfer,num_transfers_in_rotation,rotation_size_10mpg,minutes_share_guard,minutes_share_wing,minutes_share_big,avg_height_guard,avg_height_wing,avg_height_big,height_gap_vs_league
9,35,2317,66.2,2117,60.5,24,11,68.6,Arizona State Sun Devils,Sun Devils,Arizona State,5.7,11.0,7051.0,4990.0,2061.0,482.0,6.0,29.2,20.8,10.0,True,13.0,71.4,3.2,3.0,1.0,5.0,10.0,9.0,2.0,2.0,Pac-12,I,AZ,"5'11""",3.0,9.0,76.9,3.22,12.2,13.2,31.2,43.3,87.8,7.0,8.0,67.4,28.9,3.7,70.0,73.5,76.0,1.4
26,38,3187,83.9,2144,56.4,37,1,97.4,UCLA Bruins,Bruins,UCLA,27.5,11.0,7600.0,5489.0,2111.0,670.0,6.0,27.8,21.0,1.0,True,12.0,74.2,3.2,3.33,1.0,5.0,5.0,7.0,4.0,1.0,Pac-12,I,CA,"6'2""",3.0,8.0,41.7,3.98,11.4,4.1,0.0,84.5,53.5,4.0,8.0,65.3,21.2,13.5,71.5,76.0,79.0,4.2
28,33,2315,70.2,2067,62.6,24,9,72.7,UC San Diego Tritons,Tritons,UC San Diego,7.6,13.0,6700.0,5506.0,1194.0,405.0,8.0,17.8,17.5,14.0,True,14.0,70.7,2.7,2.71,1.0,5.0,0.0,11.0,3.0,0.0,Big West,I,CA,"5'10""",4.0,9.0,0.0,3.14,10.4,2.9,50.7,35.9,0.0,0.0,7.0,81.2,18.8,0.0,69.7,74.0,,0.7
30,32,2230,69.7,2054,64.2,18,14,56.2,USC Trojans,Trojans,USC,5.5,12.0,6425.0,4551.0,1874.0,400.0,7.0,29.2,17.9,8.0,True,13.0,,,2.46,1.0,4.0,0.0,9.0,4.0,0.0,Pac-12,I,CA,,2.0,6.0,0.0,2.51,24.3,28.3,19.5,27.9,0.0,0.0,9.0,79.5,20.5,0.0,,,,
36,35,2324,66.4,1931,55.2,27,8,77.1,Colorado State Rams,Rams,Colorado State,11.2,12.0,7000.0,5176.0,1824.0,480.0,7.0,26.1,20.7,12.0,True,13.0,,,2.38,1.0,4.0,0.0,7.0,4.0,2.0,Pac-12,I,CO,,5.0,7.0,0.0,0.0,0.0,0.0,0.0,0.0,0.0,0.0,7.0,79.5,20.5,0.0,,,,
38,34,2295,67.5,2069,60.9,22,12,64.7,Colorado Buffaloes,Buffaloes,Colorado,6.6,14.0,6825.0,4607.0,2218.0,477.0,9.0,32.5,20.8,10.0,True,13.0,,,2.38,1.0,4.0,0.0,7.0,4.0,2.0,Pac-12,I,CO,,5.0,7.0,0.0,2.54,25.5,3.0,35.9,28.8,0.0,0.0,11.0,45.7,48.1,6.2,,,,
41,39,3387,86.8,1966,50.4,38,1,97.4,UConn Huskies,Huskies,UConn,36.4,14.0,7799.0,4879.0,2920.0,1186.0,9.0,37.4,35.0,1.0,True,15.0,73.1,2.9,2.47,1.0,5.0,2.0,8.0,5.0,2.0,Big East,I,CT,"6'1""",3.0,6.0,13.3,2.8,10.3,38.9,25.6,25.2,18.0,2.0,10.0,62.7,32.1,5.2,70.3,74.6,77.0,3.1
47,34,2263,66.6,2053,60.4,26,8,76.5,Howard Bison,Bison,Howard,6.2,13.0,6800.0,4286.0,2514.0,665.0,8.0,37.0,29.4,14.0,True,14.0,71.6,3.1,2.36,1.0,4.0,6.0,6.0,8.0,0.0,MEAC,I,DC,"5'11""",5.0,7.0,42.9,2.51,19.3,13.5,28.4,29.9,47.8,3.0,7.0,47.3,52.7,0.0,69.0,73.1,,1.6
61,32,2354,73.6,1988,62.1,22,10,68.8,Georgia Lady Bulldogs,Lady Bulldogs,Georgia,11.5,12.0,6475.0,4311.0,2164.0,537.0,7.0,33.4,22.8,7.0,True,12.0,72.3,3.6,2.25,1.0,4.0,4.0,7.0,4.0,1.0,SEC,I,GA,"6'0""",3.0,5.0,33.3,2.33,10.3,49.9,36.5,3.2,42.6,3.0,9.0,67.7,29.1,3.2,70.3,74.5,78.0,2.3
66,32,2615,81.7,2154,67.3,22,10,68.8,Iowa State Cyclones,Cyclones,Iowa State,14.4,13.0,6400.0,4061.0,2339.0,685.0,8.0,36.5,26.2,8.0,True,13.0,71.2,2.9,2.62,1.0,4.0,6.0,9.0,3.0,1.0,Big 12,I,IA,"5'11""",2.0,9.0,46.2,2.84,9.7,5.3,76.2,8.9,48.8,5.0,9.0,68.9,17.2,13.9,69.5,74.3,75.0,1.2
70,35,2681,76.6,2279,65.1,29,6,82.9,Idaho Vandals,Vandals,Idaho,11.5,13.0,7011.0,4760.0,2251.0,928.0,8.0,32.1,34.7,13.0,True,15.0,70.5,2.9,2.93,1.0,4.0,7.0,10.0,5.0,0.0,Big Sky,I,ID,"5'10""",3.0,9.0,46.7,2.88,6.6,38.7,14.8,39.9,46.5,4.0,9.0,79.8,20.2,0.0,69.1,73.5,,0.5
87,36,2774,77.1,2344,65.1,25,11,69.4,Notre Dame Fighting Irish,Fighting Irish,Notre Dame,12.0,11.0,7225.0,5725.0,1500.0,410.0,6.0,20.8,14.8,6.0,True,12.0,71.0,3.8,3.83,1.0,5.0,5.0,8.0,4.0,0.0,ACC,I,IN,"5'11""",1.0,10.0,41.7,4.34,0.0,0.4,20.0,79.7,55.8,4.0,7.0,77.8,22.2,0.0,69.0,75.3,,1.0
93,35,2995,85.6,2585,73.9,31,4,88.6,Murray State Racers,Racers,Murray State,11.7,11.0,7100.0,5361.0,1739.0,380.0,6.0,24.5,12.7,12.0,True,13.0,69.7,3.3,2.23,1.0,4.0,4.0,9.0,4.0,0.0,MVC,I,KY,"5'9""",4.0,6.0,30.8,2.93,1.3,17.8,67.7,13.1,50.1,3.0,8.0,81.2,18.8,0.0,68.0,74.5,,-0.3
96,36,2695,74.9,2193,60.9,25,11,69.4,Kentucky Wildcats,Wildcats,Kentucky,14.0,10.0,7200.0,5538.0,1662.0,529.0,5.0,23.1,19.6,5.0,True,12.0,73.4,3.2,3.0,1.0,5.0,9.0,7.0,3.0,2.0,SEC,I,KY,"6'1""",2.0,8.0,75.0,3.57,5.5,4.2,30.9,59.3,90.3,6.0,8.0,52.2,32.3,15.6,71.0,76.0,77.0,3.4
97,37,2911,78.7,2257,61.0,29,8,78.4,Louisville Cardinals,Cardinals,Louisville,17.7,13.0,7477.0,4890.0,2587.0,1101.0,8.0,34.6,37.8,3.0,True,14.0,72.2,3.4,2.14,1.0,4.0,3.0,7.0,7.0,0.0,ACC,I,KY,"6'0""",4.0,4.0,21.4,2.65,7.2,46.6,20.3,25.9,33.5,3.0,10.0,50.8,49.2,0.0,69.2,75.0,,2.2
99,35,3325,95.0,2139,61.1,29,6,82.9,LSU Tigers,Tigers,LSU,33.9,12.0,7000.0,4304.0,2696.0,1171.0,7.0,38.5,35.2,2.0,True,13.0,71.3,2.7,2.38,1.0,4.0,4.0,9.0,4.0,0.0,SEC,I,LA,"5'11""",5.0,6.0,30.8,2.44,29.2,21.4,25.6,23.7,30.8,4.0,10.0,71.0,29.0,0.0,70.0,74.2,,1.3
107,33,2010,60.9,1901,57.6,23,10,69.7,Holy Cross Crusaders,Crusaders,Holy Cross,3.3,14.0,6650.0,4674.0,1976.0,449.0,9.0,29.7,22.3,15.0,True,15.0,69.3,3.2,2.47,1.0,4.0,1.0,11.0,4.0,0.0,Patriot,I,MA,"5'9""",5.0,8.0,6.7,3.39,8.3,0.6,35.0,56.1,14.2,1.0,9.0,83.5,16.5,0.0,67.8,74.0,,-0.7
120,33,2715,82.3,2101,63.7,24,9,72.7,Maryland Terrapins,Terrapins,Maryland,18.6,14.0,6725.0,4435.0,2290.0,864.0,9.0,34.1,31.8,5.0,True,15.0,72.1,2.6,2.4,1.0,5.0,5.0,11.0,4.0,0.0,Big Ten,I,MD,"6'0""",7.0,7.0,33.3,2.66,39.0,1.1,21.7,38.3,51.5,5.0,13.0,81.5,18.5,0.0,71.2,74.8,,2.1
127,32,2627,82.1,2116,66.1,23,9,71.9,Michigan State Spartans,Spartans,Michigan State,16.0,14.0,6425.0,4283.0,2142.0,760.0,9.0,33.3,28.9,5.0,True,15.0,71.2,3.1,2.87,1.0,4.0,5.0,10.0,4.0,1.0,Big Ten,I,MI,"5'11""",3.0,9.0,33.3,3.06,4.4,27.2,13.3,51.8,56.9,5.0,10.0,64.7,26.8,8.6,69.9,74.7,75.0,1.2
130,35,2880,82.3,2192,62.6,28,7,80.0,Michigan Wolverines,Wolverines,Michigan,19.7,14.0,7100.0,4814.0,2286.0,776.0,9.0,32.2,26.9,2.0,True,14.0,72.8,2.5,2.43,1.0,5.0,4.0,8.0,6.0,0.0,Big Ten,I,MI,"6'0""",3.0,5.0,28.6,2.45,4.6,64.4,14.2,16.8,31.9,3.0,8.0,85.2,14.8,0.0,71.5,74.0,,2.8
135,33,2444,74.1,1939,58.8,24,9,72.7,Minnesota Golden Gophers,Golden Gophers,Minnesota,15.3,14.0,6650.0,4823.0,1827.0,555.0,9.0,27.5,22.7,4.0,True,14.0,72.1,3.1,3.21,1.0,5.0,5.0,8.0,4.0,2.0,Big Ten,I,MN,"6'0""",2.0,10.0,35.7,3.5,5.1,13.5,36.8,44.6,29.5,4.0,9.0,78.9,9.1,12.1,70.2,74.0,76.0,2.1
145,36,2709,75.2,2239,62.2,24,12,66.7,Ole Miss Rebels,Rebels,Ole Miss,13.0,12.0,7225.0,4812.0,2413.0,697.0,7.0,33.4,25.7,5.0,True,12.0,,,3.08,1.0,4.0,9.0,6.0,4.0,2.0,SEC,I,MS,,1.0,7.0,75.0,3.48,2.1,22.7,0.0,75.2,83.3,7.0,8.0,50.2,45.5,4.3,,,,
150,36,2667,74.1,2150,59.7,27,9,75.0,Duke Blue Devils,Blue Devils,Duke,14.4,12.0,7225.0,5481.0,1744.0,487.0,7.0,24.1,18.3,3.0,True,13.0,72.3,3.3,2.85,1.0,5.0,3.0,9.0,3.0,1.0,ACC,I,NC,"6'0""",3.0,8.0,23.1,2.83,11.3,28.7,26.2,33.9,31.2,2.0,10.0,54.4,37.4,8.2,70.2,75.0,76.0,2.3
152,32,2455,76.7,2147,67.1,21,11,65.6,NC State Wolfpack,Wolfpack,NC State,9.6,11.0,6475.0,4770.0,1705.0,439.0,6.0,26.3,17.9,7.0,True,11.0,72.7,3.5,2.27,1.0,3.0,2.0,6.0,3.0,2.0,ACC,I,NC,"6'0""",2.0,5.0,18.2,2.44,9.3,37.2,53.5,0.0,28.4,2.0,8.0,60.7,37.2,2.1,69.8,75.3,76.0,2.7
153,36,2687,74.6,2126,59.1,28,8,77.8,North Carolina Tar Heels,Tar Heels,North Carolina,15.5,14.0,7300.0,4624.0,2676.0,867.0,9.0,36.7,32.3,4.0,True,14.0,71.9,3.0,2.14,1.0,4.0,3.0,10.0,3.0,1.0,ACC,I,NC,"5'11""",4.0,4.0,21.4,2.4,19.4,46.8,8.6,25.2,38.3,3.0,10.0,74.4,23.7,1.9,70.6,74.7,77.0,1.9
158,32,2517,78.7,2154,67.3,19,13,59.4,Nebraska Cornhuskers,Cornhuskers,Nebraska,11.4,12.0,6400.0,4050.0,2350.0,714.0,7.0,36.7,28.4,11.0,True,14.0,71.4,3.1,2.79,1.0,5.0,4.0,9.0,5.0,0.0,Big Ten,I,NE,"5'11""",2.0,7.0,28.6,2.76,8.3,40.6,24.2,26.9,21.0,3.0,10.0,62.7,37.2,0.0,69.8,74.5,,1.4
161,35,2397,68.5,1802,51.5,30,5,85.7,Fairleigh Dickinson Knights,Knights,Fairleigh Dickinson,17.0,13.0,7000.0,4974.0,2026.0,643.0,8.0,28.9,26.8,15.0,True,15.0,70.2,3.1,2.27,1.0,5.0,2.0,7.0,8.0,0.0,NEC,I,NJ,"5'10""",4.0,5.0,13.3,2.38,24.1,41.4,20.8,13.6,13.6,1.0,7.0,60.9,39.1,0.0,67.4,72.7,,0.2
163,30,2171,72.4,1822,60.7,26,4,86.7,Princeton Tigers,Tigers,Princeton,11.7,11.0,6050.0,4483.0,1567.0,347.0,6.0,25.9,16.0,9.0,True,11.0,,,2.55,1.0,4.0,0.0,8.0,3.0,0.0,Ivy League,I,NJ,,2.0,6.0,0.0,2.98,4.4,14.9,59.4,21.3,0.0,0.0,8.0,88.1,11.9,0.0,,,,
183,33,2426,73.5,2127,64.5,24,9,72.7,Syracuse Orange,Orange,Syracuse,9.0,15.0,6725.0,4191.0,2534.0,573.0,10.0,37.7,23.6,9.0,True,15.0,72.3,3.7,2.53,1.0,5.0,5.0,7.0,5.0,2.0,ACC,I,NY,"6'0""",4.0,6.0,33.3,2.95,21.5,24.2,18.7,35.6,39.8,4.0,10.0,55.8,28.8,15.4,68.8,74.0,76.0,2.3
193,35,2468,70.5,2070,59.1,28,7,80.0,Miami (OH) RedHawks,RedHawks,Miami (OH),11.4,12.0,7025.0,5374.0,1651.0,450.0,7.0,23.5,18.2,13.0,True,,,,,,,,,,,,,,,,,,0.0,0.0,0.0,0.0,0.0,0.0,0.0,8.0,66.7,33.3,0.0,,,,
194,35,2844,81.3,2321,66.3,27,8,77.1,Ohio State Buckeyes,Buckeyes,Ohio State,15.0,11.0,7025.0,5093.0,1932.0,643.0,6.0,27.5,22.6,3.0,True,11.0,72.0,4.1,2.0,1.0,4.0,4.0,8.0,2.0,1.0,Big Ten,I,OH,"6'0""",5.0,3.0,36.4,2.36,21.7,42.0,14.5,21.8,44.7,4.0,8.0,82.9,4.4,12.8,70.6,76.0,78.0,2.0
197,34,2757,81.1,2184,64.2,24,10,70.6,Oklahoma State Cowgirls,Cowgirls,Oklahoma State,16.9,12.0,6800.0,4994.0,1806.0,750.0,7.0,26.6,27.2,8.0,True,13.0,72.2,3.3,2.85,1.0,4.0,8.0,8.0,2.0,3.0,Big 12,I,OK,"6'0""",1.0,9.0,61.5,3.03,6.1,15.0,48.9,30.0,59.5,4.0,8.0,80.8,17.9,1.3,69.7,74.0,76.0,2.2
201,34,2921,85.9,2334,68.6,26,8,76.5,Oklahoma Sooners,Sooners,Oklahoma,17.3,11.0,6850.0,4858.0,1992.0,577.0,6.0,29.1,19.8,4.0,True,11.0,72.9,2.6,2.18,1.0,4.0,2.0,4.0,4.0,3.0,Big 12,I,OK,"6'0""",5.0,4.0,18.2,2.44,33.7,20.9,13.5,31.9,27.5,2.0,8.0,51.9,31.2,16.9,70.7,72.5,75.7,2.9
222,33,2351,71.2,2021,61.2,25,8,75.8,Villanova Wildcats,Wildcats,Villanova,10.0,12.0,6600.0,4171.0,2429.0,691.0,7.0,36.8,29.4,10.0,True,14.0,72.1,2.3,2.64,1.0,5.0,4.0,7.0,7.0,0.0,Big East,I,PA,"6'0""",4.0,7.0,28.6,2.5,25.1,28.1,23.0,23.8,33.3,4.0,10.0,63.1,36.9,0.0,70.5,73.5,,2.1
227,33,2220,67.3,1788,54.2,28,5,84.8,Rhode Island Rams,Rams,Rhode Island,13.1,12.0,6600.0,4898.0,1702.0,601.0,7.0,25.8,27.1,11.0,True,13.0,71.5,3.7,2.38,1.0,5.0,0.0,8.0,2.0,3.0,Atlantic 10,I,RI,"5'11""",6.0,5.0,0.0,2.9,15.7,28.5,15.5,40.2,0.0,0.0,8.0,67.3,16.7,16.0,69.7,73.0,76.0,1.5
228,33,2233,67.7,1949,59.1,21,12,63.6,Clemson Tigers,Tigers,Clemson,8.6,12.0,6700.0,4300.0,2400.0,852.0,7.0,35.8,38.2,8.0,True,13.0,71.3,3.4,3.08,1.0,5.0,0.0,9.0,3.0,1.0,ACC,I,SC,"5'11""",3.0,9.0,0.0,3.75,4.0,0.5,21.4,74.1,0.0,0.0,8.0,75.1,23.0,1.9,69.8,73.0,77.0,1.3
232,33,2443,74.0,1939,58.8,27,6,81.8,Charleston Cougars,Cougars,Charleston,15.2,15.0,6600.0,4885.0,1715.0,573.0,10.0,26.0,23.5,14.0,True,,,,,,,,,,,,,,,,,,0.0,0.0,0.0,0.0,0.0,0.0,0.0,8.0,81.6,18.4,0.0,,,,
238,34,2866,84.3,2216,65.2,29,5,85.3,Vanderbilt Commodores,Commodores,Vanderbilt,19.1,12.0,6800.0,4786.0,2014.0,540.0,7.0,29.6,18.8,2.0,True,13.0,72.5,4.1,2.85,1.0,5.0,0.0,8.0,4.0,1.0,SEC,I,TN,"6'0""",3.0,8.0,0.0,3.04,22.4,18.0,14.2,45.4,0.0,0.0,9.0,77.8,20.5,1.7,71.1,75.0,78.0,2.5
239,34,2399,70.6,2050,60.3,25,9,73.5,Baylor Bears,Bears,Baylor,10.3,12.0,6824.0,4665.0,2159.0,666.0,7.0,31.6,27.8,6.0,True,12.0,71.6,3.3,2.83,1.0,5.0,6.0,8.0,4.0,0.0,Big 12,I,TX,"5'11""",2.0,7.0,50.0,3.24,8.9,27.4,10.6,53.1,51.5,4.0,8.0,76.9,23.1,0.0,69.8,74.2,,1.6
251,39,3273,83.9,2175,55.8,35,4,89.7,Texas Longhorns,Longhorns,Texas,28.1,12.0,7800.0,5221.0,2579.0,984.0,7.0,33.1,30.1,1.0,True,13.0,72.4,3.8,2.85,1.0,5.0,4.0,7.0,4.0,2.0,Big 12,I,TX,"6'0""",2.0,7.0,30.8,3.08,6.5,30.7,25.7,37.2,20.1,3.0,10.0,48.1,41.3,10.6,69.7,73.8,78.0,2.4
256,35,2598,74.2,2147,61.3,26,9,74.3,James Madison Dukes,Dukes,James Madison,12.9,12.0,7050.0,4980.0,2070.0,590.0,7.0,29.4,22.7,12.0,True,12.0,70.1,4.4,2.58,1.0,5.0,6.0,8.0,4.0,0.0,Sun Belt,I,VA,"5'10""",4.0,7.0,50.0,3.06,19.2,4.5,42.1,34.2,60.1,5.0,8.0,68.2,31.8,0.0,67.6,74.3,,0.1
257,34,2452,72.1,2022,59.5,26,8,76.5,Richmond Spiders,Spiders,Richmond,12.6,14.0,6900.0,4877.0,2023.0,503.0,9.0,29.3,20.5,11.0,True,14.0,71.6,3.3,2.79,1.0,5.0,3.0,7.0,7.0,0.0,Atlantic 10,I,VA,"5'11""",4.0,7.0,21.4,3.14,17.5,12.7,16.5,53.3,19.6,2.0,8.0,61.2,38.8,0.0,68.6,73.7,,1.6
258,34,2549,75.0,2211,65.0,22,12,64.7,Virginia Cavaliers,Cavaliers,Virginia,10.0,13.0,7025.0,4657.0,2368.0,707.0,8.0,33.7,27.7,10.0,True,13.0,72.8,3.4,3.46,1.0,5.0,7.0,7.0,6.0,0.0,ACC,I,VA,"6'0""",1.0,10.0,53.8,3.6,7.5,8.7,29.1,54.7,68.0,7.0,11.0,60.6,39.4,0.0,70.6,75.5,,2.8
259,33,2392,72.5,2031,61.5,23,10,69.7,Virginia Tech Hokies,Hokies,Virginia Tech,11.0,12.0,6650.0,4574.0,2076.0,581.0,7.0,31.2,24.3,9.0,True,13.0,71.5,2.6,2.31,1.0,5.0,3.0,8.0,5.0,0.0,ACC,I,VA,"5'11""",4.0,5.0,23.1,2.82,6.2,37.5,33.8,22.5,24.8,2.0,8.0,60.2,39.8,0.0,70.3,73.8,,1.5
261,35,2288,65.4,1827,52.2,27,8,77.1,Vermont Catamounts,Catamounts,Vermont,13.2,14.0,7050.0,5642.0,1408.0,317.0,9.0,20.0,13.9,14.0,True,15.0,69.8,2.6,2.33,1.0,4.0,2.0,10.0,4.0,1.0,America East,I,VT,"5'9""",6.0,6.0,13.3,3.11,13.9,15.9,16.0,54.2,15.8,1.0,7.0,77.0,6.0,17.0,68.3,72.3,74.0,-0.2
264,33,2354,71.3,2045,62.0,22,11,66.7,Washington Huskies,Huskies,Washington,9.3,13.0,6725.0,4568.0,2157.0,495.0,8.0,32.1,21.0,6.0,True,14.0,72.5,3.2,2.64,1.0,4.0,2.0,8.0,5.0,1.0,Pac-12,I,WA,"6'0""",4.0,8.0,14.3,2.82,15.1,25.7,21.0,38.2,24.0,2.0,10.0,80.3,12.5,7.1,70.0,75.0,77.0,2.5
277,35,2672,76.3,2045,58.4,28,7,80.0,West Virginia Mountaineers,Mountaineers,West Virginia,17.9,11.0,7000.0,4927.0,2073.0,570.0,6.0,29.6,21.3,4.0,True,11.0,,,3.27,1.0,5.0,0.0,6.0,5.0,0.0,Big 12,I,WV,,1.0,9.0,0.0,3.68,1.0,4.2,35.0,59.7,0.0,0.0,9.0,57.7,42.3,0.0,,,,
294,33,2392,72.5,2251,68.2,24,9,72.7,Jacksonville Dolphins,Dolphins,Jacksonville,4.3,13.0,6675.0,4071.0,2604.0,872.0,8.0,39.0,36.5,15.0,True,14.0,69.4,3.0,2.43,1.0,5.0,8.0,9.0,5.0,0.0,ASUN,I,FL,"5'9""",4.0,6.0,57.1,2.7,24.1,24.4,21.4,30.0,61.9,6.0,10.0,78.7,21.3,0.0,68.3,71.8,,-0.6
333,35,2450,70.0,2155,61.6,24,11,68.6,Alabama Crimson Tide,Crimson Tide,Alabama,8.4,15.0,7000.0,4884.0,2116.0,628.0,10.0,30.2,25.6,6.0,True,15.0,72.1,3.3,2.47,1.0,4.0,3.0,10.0,5.0,0.0,SEC,I,AL,"6'0""",4.0,7.0,20.0,3.12,13.9,9.7,27.3,49.1,33.4,3.0,8.0,75.5,24.5,0.0,70.4,75.5,,2.1
356,34,2602,76.5,2247,66.1,22,12,64.7,Illinois Fighting Illini,Fighting Illini,Illinois,10.4,13.0,6800.0,4961.0,1839.0,583.0,8.0,27.0,22.4,7.0,True,15.0,72.5,3.7,2.07,1.0,5.0,5.0,7.0,6.0,2.0,Big Ten,I,IL,"6'0""",5.0,4.0,33.3,2.03,31.2,35.7,32.8,0.3,40.5,4.0,8.0,57.9,35.1,7.0,69.2,73.6,78.5,2.5
2217,33,2476,75.0,1864,56.5,28,5,84.8,Fairfield Stags,Stags,Fairfield,18.5,14.0,6599.0,4192.0,2407.0,637.0,9.0,36.5,25.7,11.0,True,15.0,70.0,3.5,2.93,1.0,5.0,4.0,9.0,0.0,0.0,MAAC,I,CT,"5'10""",4.0,9.0,26.7,3.13,14.1,11.7,42.7,31.5,27.8,3.0,10.0,61.9,38.1,0.0,68.1,73.0,,-0.0
2250,34,2521,74.1,2210,65.0,24,10,70.6,Gonzaga Bulldogs,Bulldogs,Gonzaga,9.1,12.0,6925.0,4498.0,2427.0,686.0,7.0,35.0,27.2,12.0,True,13.0,71.0,2.2,2.46,1.0,5.0,0.0,8.0,5.0,0.0,WCC,I,WA,"5'11""",4.0,6.0,0.0,2.31,29.6,28.8,26.1,15.6,0.0,0.0,9.0,60.2,39.8,0.0,69.6,73.4,,1.0
2272,33,2436,73.8,1983,60.1,27,6,81.8,High Point Panthers,Panthers,High Point,13.7,14.0,6676.0,4422.0,2254.0,662.0,9.0,33.8,27.2,15.0,True,16.0,70.1,3.0,2.75,1.0,5.0,6.0,12.0,3.0,1.0,Big South,I,NC,"5'10""",4.0,8.0,37.5,3.4,1.6,21.5,26.6,50.2,51.2,5.0,9.0,76.8,22.9,0.3,68.9,72.3,77.0,0.1
2294,34,2592,76.2,2218,65.2,27,7,79.4,Iowa Hawkeyes,Hawkeyes,Iowa,11.0,14.0,6875.0,4641.0,2234.0,735.0,9.0,32.5,28.4,2.0,True,14.0,71.1,3.8,2.5,1.0,5.0,3.0,10.0,2.0,2.0,Big Ten,I,IA,"5'11""",3.0,5.0,21.4,2.64,19.9,44.5,0.3,35.3,29.7,3.0,9.0,68.4,14.4,17.2,69.6,73.5,76.5,1.1
2483,36,2669,74.1,2354,65.4,23,13,63.9,Oregon Ducks,Ducks,Oregon,8.7,14.0,7300.0,4917.0,2383.0,775.0,9.0,32.6,29.0,8.0,True,15.0,72.2,2.3,2.87,1.0,4.0,7.0,9.0,6.0,0.0,Pac-12,I,OR,"6'0""",2.0,10.0,46.7,2.84,3.6,34.4,36.5,25.5,45.1,6.0,10.0,61.8,38.2,0.0,70.7,74.5,,2.2
2535,35,2101,60.0,2265,64.7,16,19,45.7,Samford Bulldogs,Bulldogs,Samford,-4.7,14.0,7025.0,4167.0,2858.0,924.0,9.0,40.7,44.0,16.0,True,14.0,69.9,3.5,2.29,1.0,5.0,0.0,10.0,3.0,1.0,SoCon,I,AL,"5'9""",6.0,5.0,0.0,2.45,34.5,26.0,5.0,34.5,0.0,0.0,11.0,80.6,12.5,6.8,68.2,73.3,77.0,-0.1
2571,34,2581,75.9,2093,61.6,27,7,79.4,South Dakota State Jackrabbits,Jackrabbits,South Dakota State,14.3,13.0,6800.0,4029.0,2771.0,816.0,8.0,40.8,31.6,11.0,True,13.0,71.8,2.6,2.08,1.0,4.0,1.0,6.0,4.0,0.0,Summit League,I,SD,"5'11""",6.0,4.0,7.7,2.53,28.6,26.3,8.2,36.8,8.2,1.0,9.0,58.9,41.1,0.0,70.5,73.2,,1.8
2579,40,3423,85.6,2312,57.8,36,4,90.0,South Carolina Gamecocks,Gamecocks,South Carolina,27.8,11.0,8025.0,5325.0,2700.0,780.0,6.0,33.6,22.8,1.0,True,11.0,73.1,3.4,2.82,1.0,4.0,1.0,6.0,4.0,1.0,SEC,I,SC,"6'1""",2.0,6.0,9.1,2.79,13.9,26.5,13.3,43.1,5.3,1.0,11.0,61.9,26.8,11.3,70.7,76.0,78.0,3.1
2582,34,2080,61.2,2047,60.2,20,14,58.8,Southern Jaguars,Jaguars,Southern,1.0,13.0,6800.0,3752.0,3048.0,973.0,8.0,44.8,46.8,16.0,True,15.0,69.9,3.6,3.33,1.0,5.0,0.0,12.0,1.0,2.0,SWAC,I,LA,"5'9""",1.0,12.0,0.0,3.32,0.6,19.9,37.6,41.8,0.0,0.0,10.0,83.6,9.7,6.6,68.6,73.0,76.5,-0.1
2617,35,2635,75.3,2342,66.9,25,10,71.4,Stephen F. Austin Ladyjacks,Ladyjacks,Stephen F. Austin,8.4,9.0,7050.0,4813.0,2237.0,732.0,4.0,31.7,27.8,16.0,True,12.0,69.8,3.6,2.42,1.0,5.0,5.0,10.0,1.0,1.0,WAC,I,TX,"5'9""",4.0,4.0,41.7,2.14,30.0,48.1,0.0,21.9,37.0,3.0,9.0,89.6,10.4,0.0,68.7,75.0,,-0.2
2623,36,2363,65.6,2236,62.1,23,13,63.9,Missouri State Lady Bears,Lady Bears,Missouri State,3.5,14.0,7225.0,4846.0,2379.0,589.0,9.0,32.9,24.9,16.0,True,13.0,71.4,3.4,2.77,1.0,4.0,8.0,10.0,3.0,0.0,SEC,I,MO,"5'11""",2.0,9.0,61.5,0.0,0.0,0.0,0.0,0.0,0.0,0.0,9.0,62.2,37.8,0.0,,,,1.4
2628,38,2917,76.8,2161,56.9,32,6,84.2,TCU Horned Frogs,Horned Frogs,TCU,19.9,12.0,7651.0,5729.0,1922.0,481.0,7.0,25.1,16.5,3.0,True,14.0,74.7,3.8,3.29,1.0,5.0,10.0,7.0,3.0,4.0,Big 12,I,TX,"6'2""",3.0,9.0,71.4,3.81,5.3,13.4,16.8,64.5,94.7,8.0,9.0,65.5,16.5,18.0,71.8,74.5,79.0,4.7
2633,30,2293,76.4,2089,69.6,16,14,53.3,Tennessee Lady Volunteers,Lady Volunteers,Tennessee,6.8,13.0,6025.0,3502.0,2523.0,603.0,8.0,41.9,26.3,8.0,True,13.0,72.0,4.5,2.54,1.0,4.0,6.0,9.0,4.0,0.0,SEC,I,TN,"6'0""",5.0,7.0,46.2,2.62,35.8,4.7,21.2,38.3,58.6,5.0,11.0,65.3,34.7,0.0,69.5,75.8,,2.0
2636,34,2031,59.7,1997,58.7,18,16,52.9,UTSA Roadrunners,Roadrunners,UTSA,1.0,11.0,6800.0,4726.0,2074.0,516.0,6.0,30.5,25.4,16.0,True,,,,,,,,,,,,,,,,,,0.0,0.0,0.0,0.0,0.0,0.0,0.0,8.0,63.8,36.2,0.0,,,,
2641,34,2407,70.8,2011,59.1,26,8,76.5,Texas Tech Lady Raiders,Lady Raiders,Texas Tech,11.7,12.0,6800.0,4859.0,1941.0,627.0,7.0,28.5,26.0,7.0,True,12.0,72.4,2.9,3.67,2.0,4.0,8.0,9.0,3.0,0.0,Big 12,I,TX,"6'0""",0.0,11.0,66.7,3.85,0.0,0.6,13.5,85.9,74.3,6.0,8.0,83.8,16.2,0.0,71.4,75.0,,2.4
2710,32,2403,75.1,1945,60.8,26,6,81.2,Western Illinois Leathernecks,Leathernecks,Western Illinois,14.3,12.0,6450.0,5186.0,1264.0,483.0,7.0,19.6,20.1,13.0,True,13.0,69.8,3.3,2.69,1.0,5.0,0.0,8.0,5.0,0.0,Summit League,I,IL,"5'9""",3.0,7.0,0.0,3.59,4.0,11.4,20.3,64.4,0.0,0.0,7.0,65.6,34.4,0.0,68.0,73.0,,-0.2
2739,34,2325,68.4,2010,59.1,25,9,73.5,Green Bay Phoenix,Phoenix,Green Bay,9.3,13.0,6825.0,4538.0,2287.0,804.0,8.0,33.5,34.6,13.0,True,14.0,71.2,2.8,2.64,1.0,4.0,0.0,9.0,5.0,0.0,Horizon,I,WI,"5'11""",3.0,6.0,0.0,3.23,9.6,24.0,0.0,66.4,0.0,0.0,9.0,54.3,45.7,0.0,70.3,72.8,,1.2
2856,34,2446,71.9,2284,67.2,23,11,67.6,California Baptist Lancers,Lancers,California Baptist,4.7,13.0,6852.0,4452.0,2400.0,623.0,8.0,35.0,25.5,16.0,True,13.0,68.9,3.9,2.54,1.0,5.0,1.0,10.0,3.0,0.0,WAC,I,CA,"5'8""",4.0,7.0,7.7,2.69,22.1,18.3,33.0,26.7,5.2,1.0,10.0,77.9,22.1,0.0,67.3,76.0,,-1.1
